{"cameraMode":{"drawMode":0,"name":"Shaded","section":"Shading Mode"},"sceneLighting":false,"audioPlay":false,"sceneViewState":{"m_AlwaysRefresh":false,"showFog":false,"showSkybox":false,"showFlares":false,"showImageEffects":false,"showParticleSystems":false,"showVisualEffectGraphs":true,"m_FxEnabled":true},"in2DMode":false,"pivot":{"x":-0.14697358012199403,"y":0.6198629140853882,"z":-0.2588745951652527},"rotation":{"x":0.06535228341817856,"y":0.8872897624969482,"z":-0.13274039328098298,"w":0.4368479251861572},"size":1.681522011756897,"orthographic":true}