{"cameraMode":{"drawMode":0,"name":"Shaded","section":"Shading Mode"},"sceneLighting":true,"audioPlay":false,"sceneViewState":{"m_AlwaysRefresh":false,"showFog":true,"showSkybox":true,"showFlares":true,"showImageEffects":true,"showParticleSystems":true,"showVisualEffectGraphs":true,"m_FxEnabled":true},"in2DMode":false,"pivot":{"x":1667.6956787109375,"y":50.508689880371097,"z":502.9900207519531},"rotation":{"x":-0.0814925879240036,"y":0.9102039933204651,"z":-0.21551962196826936,"w":-0.34416231513023379},"size":0.727403461933136,"orthographic":true}