{"cameraMode":{"drawMode":0,"name":"Shaded","section":"Shading Mode"},"sceneLighting":true,"audioPlay":false,"sceneViewState":{"m_AlwaysRefresh":false,"showFog":true,"showSkybox":true,"showFlares":true,"showImageEffects":true,"showParticleSystems":true,"showVisualEffectGraphs":true,"m_FxEnabled":true},"in2DMode":false,"pivot":{"x":1667.2835693359375,"y":53.109962463378909,"z":504.55535888671877},"rotation":{"x":-0.044772081077098849,"y":0.9153136014938355,"z":-0.10619140416383743,"w":-0.3859097957611084},"size":5.881438255310059,"orthographic":true}